1568433013807653096,0.0,0.0,0.0,1.0,0.0,0.0,0.0,0.0,0.0,0.0,0.0,0.0,0.0
1568433013857653096,0.0,0.0,0.0,1.0,0.0,0.0,0.0,0.0,0.0,0.0,0.0,0.0,0.0
1568433013907653096,0.0,0.0,0.0,1.0,0.0,0.0,0.0,0.0,0.0,0.0,0.0,0.0,0.0
1568433013957653096,0.0,0.0,0.0,1.0,0.0,0.0,0.0,0.0,0.0,0.0,0.0,0.0,0.0
1568433014007653096,0.0,0.0,0.0,1.0,0.0,0.0,0.0,0.0,0.0,0.0,0.0,0.0,0.0
1568433014057653096,0.0,0.0,0.0,1.0,0.0,0.0,0.0,0.0,0.0,0.0,0.0,0.0,0.0
1568433014107653096,0.0,0.0,0.0,1.0,0.0,0.0,0.0,0.0,0.0,0.0,0.0,0.0,0.0
1568433014157653096,0.0,0.0,0.0,1.0,0.0,0.0,0.0,0.0,0.0,0.0,0.0,0.0,0.0
1568433014207653096,0.0,0.0,0.0,1.0,0.0,0.0,0.0,0.0,0.0,0.0,0.0,0.0,0.0
1568433014257653096,0.0,0.0,0.0,1.0,0.0,0.0,0.0,0.0,0.0,0.0,0.0,0.0,0.0
1568433014309635700,0.0,0.0,0.0,1.0,0.0,0.0,0.0,0.0,0.0,0.0,0.0,0.0,0.0
1568433014359635700,0.0,0.0,0.0,1.0,0.0,0.0,0.0,0.0,0.0,0.0,0.0,0.0,0.0
1568433014409635700,0.0,0.0,0.0,1.0,0.0,0.0,0.0,0.0,0.0,0.0,0.0,0.0,0.0
1568433014459635700,0.0,0.0,0.0,1.0,0.0,0.0,0.0,0.0,0.0,0.0,0.0,0.0,0.0
1568433014509635700,0.0,0.0,0.0,1.0,0.0,0.0,0.0,0.0,0.0,0.0,0.0,0.0,0.0
1568433014559635700,0.0,0.0,0.0,1.0,0.0,0.0,0.0,0.0,0.0,0.0,0.0,0.0,0.0
1568433014609635700,0.0,0.0,0.0,1.0,0.0,0.0,0.0,0.0,0.0,0.0,0.0,0.0,0.0
1568433014659635700,0.0,0.0,0.0,1.0,0.0,0.0,0.0,0.0,0.0,0.0,0.0,0.0,0.0
1568433014709635700,0.0,0.0,0.0,1.0,0.0,0.0,0.0,0.0,0.0,0.0,0.0,0.0,0.0
1568433014759635700,0.0,0.0,0.0,1.0,0.0,0.0,0.0,0.0,0.0,0.0,0.0,0.0,0.0
1568433014805898929,0.0,0.0,0.0,1.0,0.0,0.0,0.0,0.0,0.0,0.0,0.0,0.0,0.0
1568433014855898929,0.0,0.0,0.0,1.0,0.0,0.0,0.0,0.0,0.0,0.0,0.0,0.0,0.0
1568433014905898929,0.0,0.0,0.0,1.0,0.0,0.0,0.0,0.0,0.0,0.0,0.0,0.0,0.0
1568433014955898929,0.0,0.0,0.0,1.0,0.0,0.0,0.0,0.0,0.0,0.0,0.0,0.0,0.0
1568433015005898929,0.0,0.0,0.0,1.0,0.0,0.0,0.0,0.0,0.0,0.0,0.0,0.0,0.0
1568433015055898929,0.0,0.0,0.0,1.0,0.0,0.0,0.0,0.0,0.0,0.0,0.0,0.0,0.0
1568433015105898929,0.0,0.0,0.0,1.0,0.0,0.0,0.0,0.0,0.0,0.0,0.0,0.0,0.0
1568433015155898929,0.0,0.0,0.0,1.0,0.0,0.0,0.0,0.0,0.0,0.0,0.0,0.0,0.0
1568433015205898929,0.0,0.0,0.0,1.0,0.0,0.0,0.0,0.0,0.0,0.0,0.0,0.0,0.0
1568433015255898929,0.0,0.0,0.0,1.0,0.0,0.0,0.0,0.0,0.0,0.0,0.0,0.0,0.0
1568433015305020648,0.0,0.0,0.0,1.0,0.0,0.0,0.0,0.0,0.0,0.0,0.0,0.0,0.0
1568433015355020648,0.0,0.0,0.0,1.0,0.0,0.0,0.0,0.0,0.0,0.0,0.0,0.0,0.0
1568433015405020648,0.0,0.0,0.0,1.0,0.0,0.0,0.0,0.0,0.0,0.0,0.0,0.0,0.0
1568433015455020648,0.0,0.0,0.0,1.0,0.0,0.0,0.0,0.0,0.0,0.0,0.0,0.0,0.0
1568433015505020648,0.0,0.0,0.0,1.0,0.0,0.0,0.0,0.0,0.0,0.0,0.0,0.0,0.0
1568433015555020648,0.0,0.0,0.0,1.0,0.0,0.0,0.0,0.0,0.0,0.0,0.0,0.0,0.0
1568433015605020648,0.0,0.0,0.0,1.0,0.0,0.0,0.0,0.0,0.0,0.0,0.0,0.0,0.0
1568433015655020648,0.0,0.0,0.0,1.0,0.0,0.0,0.0,0.0,0.0,0.0,0.0,0.0,0.0
1568433015705020648,0.0,0.0,0.0,1.0,0.0,0.0,0.0,0.0,0.0,0.0,0.0,0.0,0.0
1568433015755020648,0.0,0.0,0.0,1.0,0.0,0.0,0.0,0.0,0.0,0.0,0.0,0.0,0.0
1568433015806806325,0.0,0.0,0.0,1.0,0.0,0.0,0.0,0.0,0.0,0.0,0.0,0.0,0.0
1568433015856806325,0.0,0.0,0.0,1.0,0.0,0.0,0.0,0.0,0.0,0.0,0.0,0.0,0.0
1568433015906806325,0.0,0.0,0.0,1.0,0.0,0.0,0.0,0.0,0.0,0.0,0.0,0.0,0.0
1568433015956806325,0.0,0.0,0.0,1.0,0.0,0.0,0.0,0.0,0.0,0.0,0.0,0.0,0.0
1568433016006806325,0.0,0.0,0.0,1.0,0.0,0.0,0.0,0.0,0.0,0.0,0.0,0.0,0.0
1568433016056806325,0.0,0.0,0.0,1.0,0.0,0.0,0.0,0.0,0.0,0.0,0.0,0.0,0.0
1568433016106806325,0.0,0.0,0.0,1.0,0.0,0.0,0.0,0.0,0.0,0.0,0.0,0.0,0.0
1568433016156806325,0.0,0.0,0.0,1.0,0.0,0.0,0.0,0.0,0.0,0.0,0.0,0.0,0.0
1568433016206806325,0.0,0.0,0.0,1.0,0.0,0.0,0.0,0.0,0.0,0.0,0.0,0.0,0.0
1568433016256806325,0.0,0.0,0.0,1.0,0.0,0.0,0.0,0.0,0.0,0.0,0.0,0.0,0.0
1568433016303199293,0.0,0.0,0.0,1.0,0.0,0.0,0.0,0.0,0.0,0.0,0.0,0.0,0.0
1568433016353199293,0.0,0.0,0.0,1.0,0.0,0.0,0.0,0.0,0.0,0.0,0.0,0.0,0.0
1568433016403199293,0.014686945655532285,0.0,0.0,0.9999624602947953,0.0,0.0,-0.008664756267769273,0.0,0.0,0.0,0.0,0.0,0.0
1568433016453199293,0.014686945655532285,0.0,0.0,0.9999624602947953,0.0,0.0,-0.008664756267769273,0.0,0.0,0.0,0.0,0.0,0.0
1568433016503199293,0.014686945655532285,0.0,0.0,0.9999624602947953,0.0,0.0,-0.008664756267769273,0.0,0.0,0.0,0.0,0.0,0.0
1568433016553199293,0.029371685978018057,-0.0002545080543303146,0.0,1.0,0.0,0.0,0.0,0.0,0.0,0.0,0.0,0.0,0.0
1568433016603199293,0.029371685978018057,-0.0002545080543303146,0.0,1.0,0.0,0.0,0.0,0.0,0.0,0.0,0.0,0.0,0.0
1568433016653199293,0.044058631633550345,-0.0002545080543303146,0.0,0.9999624602947953,0.0,0.0,-0.008664756267769273,0.0,0.0,0.0,0.0,0.0,0.0
1568433016703199293,0.044058631633550345,-0.0002545080543303146,0.0,0.9999624602947953,0.0,0.0,-0.008664756267769273,0.0,0.0,0.0,0.0,0.0,0.0
1568433016753199293,0.044058631633550345,-0.0002545080543303146,0.0,0.9999624602947953,0.0,0.0,-0.008664756267769273,0.0,0.0,0.0,0.0,0.0,0.0
1568433016802309970,0.044058631633550345,-0.0002545080543303146,0.0,0.9999624602947953,0.0,0.0,-0.008664756267769273,0.0,0.0,0.0,0.0,0.0,0.0
1568433016852309970,0.058743371956036114,-0.0005090161086606292,0.0,1.0,0.0,0.0,0.0,0.0,0.0,0.0,0.0,0.0,0.0
1568433016902309970,0.058743371956036114,-0.0005090161086606292,0.0,1.0,0.0,0.0,0.0,0.0,0.0,0.0,0.0,0.0,0.0
1568433016952309970,0.058743371956036114,-0.0005090161086606292,0.0,1.0,0.0,0.0,0.0,0.0,0.0,0.0,0.0,0.0,0.0
1568433017002309970,0.0734303176115684,-0.0005090161086606292,0.0,0.9999624602947953,0.0,0.0,0.008664756267769273,0.0,0.0,0.0,0.0,0.0,0.0
1568433017052309970,0.0734303176115684,-0.0005090161086606292,0.0,0.9999624602947953,0.0,0.0,0.008664756267769273,0.0,0.0,0.0,0.0,0.0,0.0
1568433017102309970,0.08811505793405418,-0.0002545080543303146,0.0,1.0,0.0,0.0,0.0,0.0,0.0,0.0,0.0,0.0,0.0
1568433017152309970,0.08811505793405418,-0.0002545080543303146,0.0,1.0,0.0,0.0,0.0,0.0,0.0,0.0,0.0,0.0,0.0
1568433017202309970,0.08811505793405418,-0.0002545080543303146,0.0,1.0,0.0,0.0,0.0,0.0,0.0,0.0,0.0,0.0,0.0
1568433017252309970,0.11748894924511874,-0.0002545080543303146,0.0,0.9998498439976403,0.0,0.0,-0.01732886199074662,0.0,0.0,0.0,0.0,0.0,0.0
1568433017304112001,0.13216707423075297,-0.0007634477311669306,0.0,0.9999624602947953,0.0,0.0,-0.008664756267769273,0.0,0.0,0.0,0.0,0.0,0.0
1568433017354112001,0.13216707423075297,-0.0007634477311669306,0.0,0.9999624602947953,0.0,0.0,-0.008664756267769273,0.0,0.0,0.0,0.0,0.0,0.0
1568433017404112001,0.13216707423075297,-0.0007634477311669306,0.0,0.9999624602947953,0.0,0.0,-0.008664756267769273,0.0,0.0,0.0,0.0,0.0,0.0
1568433017454112001,0.14685181455323876,-0.001017955785497245,0.0,1.0,0.0,0.0,0.0,0.0,0.0,0.0,0.0,0.0,0.0
1568433017504112001,0.16153876020877103,-0.001017955785497245,0.0,0.9999624602947953,0.0,0.0,-0.008664756267769273,0.0,0.0,0.0,0.0,0.0,0.0
1568433017554112001,0.19090824085374258,-0.0015269718941578743,0.0,0.9999624602947953,0.0,0.0,-0.008664756267769273,0.0,0.0,0.0,0.0,0.0,0.0
1568433017604112001,0.20559298117622835,-0.0017814799484881891,0.0,1.0,0.0,0.0,0.0,0.0,0.0,0.0,0.0,0.0,0.0
1568433017654112001,0.24965381814282522,-0.0017814799484881891,0.0,0.9999624602947953,0.0,0.0,-0.008664756267769273,0.0,0.0,0.0,0.0,0.0,0.0
1568433017704112001,0.27902329878779675,-0.002290496057148818,0.0,0.9999624602947953,0.0,0.0,0.008664756267769273,0.0,0.0,0.0,0.0,0.0,0.0
1568433017754112001,0.3230775197552541,-0.0015269718941578743,0.0,1.0,0.0,0.0,0.0,0.0,0.0,0.0,0.0,0.0,0.0
1568433017800556428,0.35245141106631867,-0.0015269718941578743,0.0,1.0,0.0,0.0,0.0,0.0,0.0,0.0,0.0,0.0,0.0
1568433017850556428,0.3965122480329155,-0.0015269718941578743,0.0,0.9999624602947953,0.0,0.0,0.008664756267769273,0.0,0.0,0.0,0.0,0.0,0.0
1568433017900556428,0.4405664690003729,-0.0007634477311669306,0.0,1.0,0.0,0.0,0.0,0.0,0.0,0.0,0.0,0.0,0.0
1568433017950556428,0.4699403603114375,-0.0007634477311669306,0.0,0.9998498439976403,0.0,0.0,0.01732886199074662,0.0,0.0,0.0,0.0,0.0,0.0
1568433018000556428,0.499296610282706,0.00025443162250630145,0.0,0.9998498439976403,0.0,0.0,0.01732886199074662,0.0,0.0,0.0,0.0,0.0,0.0
1568433018050556428,0.5286528602539745,0.0012723109761795335,0.0,0.9993994210842113,0.0,0.0,0.034652519916209296,0.0,0.0,0.0,0.0,0.0,0.0
1568433018100556428,0.5433045338249313,0.002289579012974133,0.0,0.9990616482854241,0.0,0.0,0.04331077146867144,0.0,0.0,0.0,0.0,0.0,0.0
1568433018150556428,0.5579363792617397,0.0035605911301115787,0.0,0.9986488665271211,0.0,0.0,0.05196577127394735,0.0,0.0,0.0,0.0,0.0,0.0
1568433018200556428,0.5871516256293876,0.006609340124678326,0.0,0.9975984057269134,0.0,0.0,0.06926341668673734,0.0,0.0,0.0,0.0,0.0,0.0
1568433018250556428,0.6016976523650907,0.008638990068084804,0.0,0.9969608055529863,0.0,0.0,0.07790476359723236,0.0,0.0,0.0,0.0,0.0,0.0
1568433018299559449,0.6162063234038101,0.0109204013371863,0.0,0.996248354149577,0.0,0.0,0.08654026146400842,0.0,0.0,0.0,0.0,0.0,0.0
1568433018349559449,0.6306732816174604,0.013452888796791001,0.0,0.9954611050071169,0.0,0.0,0.0951692619389771,0.0,0.0,0.0,0.0,0.0,0.0
1568433018399559449,0.6450941824048182,0.016235691910512988,0.0,0.9945991172318076,0.0,0.0,0.1037911171618703,0.0,0.0,0.0,0.0,0.0,0.0
1568433018449559449,0.6594646949962583,0.019267974969170435,0.0,0.9936624555411828,0.0,0.0,0.11240517980888128,0.0,0.0,0.0,0.0,0.0,0.0
1568433018499559449,0.6737805037543354,0.02254882734175912,0.0,0.9926511902592501,0.0,0.0,0.12101080314126524,0.0,0.0,0.0,0.0,0.0,0.0
1568433018549559449,0.6880373094698223,0.026077263748925848,0.0,0.9915653973112106,0.0,0.0,0.1296073410538962,0.0,0.0,0.0,0.0,0.0,0.0
1568433018599559449,0.7022308306528136,0.029852224558859657,0.0,0.9904051582177588,0.0,0.0,0.13819414812377612,0.0,0.0,0.0,0.0,0.0,0.0
1568433018649559449,0.7163568048185088,0.033872576105511976,0.0,0.9891705600889616,0.0,0.0,0.14677057965849288,0.0,0.0,0.0,0.0,0.0,0.0
1568433018699559449,0.7304109897672877,0.03813711102905015,0.0,0.9878616956177186,0.0,0.0,0.15533599174462345,0.0,0.0,0.0,0.0,0.0,0.0
1568433018749559449,0.7583673399500993,0.04715198624783405,0.0,0.9878616956177186,0.0,0.0,0.15533599174462345,0.0,0.0,0.0,0.0,0.0,0.0
1568433018801416532,0.7723455150415052,0.05165942385722601,0.0,0.9864786630728029,0.0,0.0,0.1638897412960785,0.0,0.0,0.0,0.0,0.0,0.0
1568433018851416532,0.8001414498820025,0.06115739717246821,0.0,0.9864786630728029,0.0,0.0,0.1638897412960785,0.0,0.0,0.0,0.0,0.0,0.0
1568433018901416532,0.8279373847225001,0.07065537048771041,0.0,0.9864786630728029,0.0,0.0,0.1638897412960785,0.0,0.0,0.0,0.0,0.0,0.0
1568433018951416532,0.8696312869832463,0.08490233046057372,0.0,0.9850215662914821,0.0,0.0,0.1724311861023849,0.0,0.0,0.0,0.0,0.0,0.0
1568433019001416532,0.8972584590285146,0.09488054951686715,0.0,0.9850215662914821,0.0,0.0,0.1724311861023849,0.0,0.0,0.0,0.0,0.0,0.0
1568433019051416532,0.9386992170964172,0.10984787810130729,0.0,0.9834905146717238,0.0,0.0,0.18095968487690253,0.0,0.0,0.0,0.0,0.0,0.0
1568433019101416532,0.9661493295750347,0.12030334631968365,0.0,0.9834905146717238,0.0,0.0,0.18095968487690253,0.0,0.0,0.0,0.0,0.0,0.0
1568433019151416532,1.02104955453227,0.14121428275643633,0.0,0.9834905146717238,0.0,0.0,0.18095968487690253,0.0,0.0,0.0,0.0,0.0,0.0
1568433019201416532,1.0484996670108875,0.15166975097481267,0.0,0.9834905146717238,0.0,0.0,0.18095968487690253,0.0,0.0,0.0,0.0,0.0,0.0
1568433019251416532,1.0896748357288137,0.16735295330237715,0.0,0.9818856231639808,0.0,0.0,0.18947459730497176,0.0,0.0,0.0,0.0,0.0,0.0
1568433019298740177,1.144204454356131,0.18921210825805376,0.0,0.9818856231639808,0.0,0.0,0.18947459730497176,0.0,0.0,0.0,0.0,0.0,0.0
1568433019348740177,1.1714692636697897,0.20014168573589206,0.0,0.9818856231639808,0.0,0.0,0.18947459730497176,0.0,0.0,0.0,0.0,0.0,0.0
1568433019398740177,1.2123664776402774,0.21653605195264952,0.0,0.9802070122625611,0.0,0.0,0.1979752840919878,0.0,0.0,0.0,0.0,0.0,0.0
1568433019448740177,1.26650911403859,0.23933686086060385,0.0,0.9802070122625611,0.0,0.0,0.1979752840919878,0.0,0.0,0.0,0.0,0.0,0.0
1568433019498740177,1.3206517504369026,0.2621376697685582,0.0,0.9802070122625611,0.0,0.0,0.1979752840919878,0.0,0.0,0.0,0.0,0.0,0.0
1568433019548740177,1.3612587277356372,0.2792382764495239,0.0,0.9784548079965818,0.0,0.0,0.2064611070113986,0.0,0.0,0.0,0.0,0.0,0.0
1568433019598740177,1.3881284249784525,0.2911060842013238,0.0,0.9784548079965818,0.0,0.0,0.2064611070113986,0.0,0.0,0.0,0.0,0.0,0.0
1568433019648740177,1.441867819464083,0.31484169970492343,0.0,0.9784548079965818,0.0,0.0,0.2064611070113986,0.0,0.0,0.0,0.0,0.0,0.0
1568433019698740177,1.4956072139497134,0.3385773152085231,0.0,0.9784548079965818,0.0,0.0,0.2064611070113986,0.0,0.0,0.0,0.0,0.0,0.0
1568433019748740177,1.5224769111925287,0.35044512296032293,0.0,0.9784548079965818,0.0,0.0,0.2064611070113986,0.0,0.0,0.0,0.0,0.0,0.0
1568433019796772990,1.5627814570567515,0.36824683458802265,0.0,0.976629141920506,0.0,0.0,0.21493142895262254,0.0,0.0,0.0,0.0,0.0,0.0
1568433019846772990,1.6161014710444097,0.3929101285969926,0.0,0.976629141920506,0.0,0.0,0.21493142895262254,0.0,0.0,0.0,0.0,0.0,0.0
1568433019896772990,1.6694214850320677,0.4175734226059625,0.0,0.976629141920506,0.0,0.0,0.21493142895262254,0.0,0.0,0.0,0.0,0.0,0.0
1568433019946772990,1.709411495522811,0.4360708931126899,0.0,0.9747301511042662,0.0,0.0,0.22338561396888226,0.0,0.0,0.0,0.0,0.0,0.0
1568433019996772990,1.749074961159856,0.4552585674859949,0.0,0.9727579781229733,0.0,0.0,0.23182302732495128,0.0,0.0,0.0,0.0,0.0,0.0
1568433020046772990,1.8015083069844782,0.48175472208722897,0.0,0.9727579781229733,0.0,0.0,0.23182302732495128,0.0,0.0,0.0,0.0,0.0,0.0
1568433020096772990,1.8539416528091004,0.508250876688463,0.0,0.9727579781229733,0.0,0.0,0.23182302732495128,0.0,0.0,0.0,0.0,0.0,0.0
1568433020146772990,1.8932666621775671,0.5281229926393886,0.0,0.9707127710462119,0.0,0.0,0.24024303554480944,0.0,0.0,0.0,0.0,0.0,0.0
1568433020196772990,1.958224567723383,0.5623739754620001,0.0,0.9685946834269237,0.0,0.0,0.24864500645920395,0.0,0.0,0.0,0.0,0.0,0.0
1568433020246772990,1.9968373404265929,0.5835968673094193,0.0,0.9664038742898781,0.0,0.0,0.2570283092531123,0.0,0.0,0.0,0.0,0.0,0.0
1568433020298695333,2.060569350759514,0.6200782348295442,0.0,0.9641405081197335,0.0,0.0,0.26539231451310347,0.0,0.0,0.0,0.0,0.0,0.0
1568433020348695333,2.098423506763136,0.6426264105307058,0.0,0.9618047548486877,0.0,0.0,0.2737363942745938,0.0,0.0,0.0,0.0,0.0,0.0
1568433020398695333,2.1608530696798285,0.6812943428680406,0.0,0.9593967898437188,0.0,0.0,0.28205992206899444,0.0,0.0,0.0,0.0,0.0,0.0
1568433020448695333,2.2102531636639524,0.7130895103841377,0.0,0.9593967898437188,0.0,0.0,0.28205992206899444,0.0,0.0,0.0,0.0,0.0,0.0
1568433020498695333,2.259653257648076,0.7448846779002348,0.0,0.9593967898437188,0.0,0.0,0.28205992206899444,0.0,0.0,0.0,0.0,0.0,0.0
1568433020548695333,2.3090533516321994,0.776679845416332,0.0,0.9543649531944248,0.0,0.0,0.2986428236442378,0.0,0.0,0.0,0.0,0.0,0.0
1568433020598695333,2.3693891549492596,0.81853973260322,0.0,0.95691679389342,0.0,0.0,0.29036227297074596,0.0,0.0,0.0,0.0,0.0,0.0
1568433020648695333,2.430441282691304,0.8593477834680068,0.0,0.9543649531944248,0.0,0.0,0.2986428236442378,0.0,0.0,0.0,0.0,0.0,0.0
1568433020698695333,2.490777086008364,0.9012076706548948,0.0,0.9517414593374285,0.0,0.0,0.30690095239060744,0.0,0.0,0.0,0.0,0.0,0.0
1568433020748695333,2.5384581734691842,0.9355269926407755,0.0,0.9517414593374285,0.0,0.0,0.30690095239060744,0.0,0.0,0.0,0.0,0.0,0.0
1568433020794949812,2.5861392609300045,0.9698463146266564,0.0,0.9517414593374285,0.0,0.0,0.30690095239060744,0.0,0.0,0.0,0.0,0.0,0.0
1568433020844949812,2.6576608921212346,1.0213252976054776,0.0,0.9517414593374285,0.0,0.0,0.30690095239060744,0.0,0.0,0.0,0.0,0.0,0.0
1568433020894949812,2.7172622514472597,1.0642244500878286,0.0,0.9490465092928031,0.0,0.0,0.31513603919441757,0.0,0.0,0.0,0.0,0.0,0.0
1568433020944949812,2.764341464512289,1.0993648778056937,0.0,0.9490465092928031,0.0,0.0,0.31513603919441757,0.0,0.0,0.0,0.0,0.0,0.0
1568433020994949812,2.823190480843576,1.143290412453025,0.0,0.9462803053958089,0.0,0.0,0.32334746577020623,0.0,0.0,0.0,0.0,0.0,0.0
1568433021044949812,2.8928852811681502,1.1972168829893568,0.0,0.9462803053958089,0.0,0.0,0.32334746577020623,0.0,0.0,0.0,0.0,0.0,0.0
1568433021094949812,2.962580081492724,1.2511433535256888,0.0,0.9462803053958089,0.0,0.0,0.32334746577020623,0.0,0.0,0.0,0.0,0.0,0.0
1568433021144949812,3.009043281709107,1.2870943338832432,0.0,0.9462803053958089,0.0,0.0,0.32334746577020623,0.0,0.0,0.0,0.0,0.0,0.0
1568433021194949812,3.078738082033681,1.3410208044195753,0.0,0.9462803053958089,0.0,0.0,0.32334746577020623,0.0,0.0,0.0,0.0,0.0,0.0
1568433021244949812,3.148432882358255,1.394947274955907,0.0,0.9462803053958089,0.0,0.0,0.32334746577020623,0.0,0.0,0.0,0.0,0.0,0.0
1568433021294065645,3.206511882628733,1.4398860004028502,0.0,0.9434430553314036,0.0,0.0,0.3315346156089075,0.0,0.0,0.0,0.0,0.0,0.0
1568433021344065645,3.275261733495133,1.4950121051322423,0.0,0.9434430553314036,0.0,0.0,0.3315346156089075,0.0,0.0,0.0,0.0,0.0,0.0
1568433021394065645,3.344011584361533,1.5501382098616343,0.0,0.9434430553314036,0.0,0.0,0.3315346156089075,0.0,0.0,0.0,0.0,0.0,0.0
1568433021444065645,3.401303126750199,1.596076630469461,0.0,0.9405349721186493,0.0,0.0,0.3396968740241386,0.0,0.0,0.0,0.0,0.0,0.0
1568433021494065645,3.4690873817528876,1.6523858143608892,0.0,0.9405349721186493,0.0,0.0,0.3396968740241386,0.0,0.0,0.0,0.0,0.0,0.0
1568433021544065645,3.5368716367555755,1.7086949982523172,0.0,0.9405349721186493,0.0,0.0,0.3396968740241386,0.0,0.0,0.0,0.0,0.0,0.0
1568433021594065645,3.604655891758264,1.7650041821437454,0.0,0.9405349721186493,0.0,0.0,0.3396968740241386,0.0,0.0,0.0,0.0,0.0,0.0
1568433021644065645,3.6724401467609518,1.8213133660351737,0.0,0.9405349721186493,0.0,0.0,0.3396968740241386,0.0,0.0,0.0,0.0,0.0,0.0
1568433021694065645,3.7289270259298584,1.8682376859446972,0.0,0.9375562740947191,0.0,0.0,0.3478336281983501,0.0,0.0,0.0,0.0,0.0,0.0
1568433021744065645,3.795725328643326,1.9257130386742634,0.0,0.9375562740947191,0.0,0.0,0.3478336281983501,0.0,0.0,0.0,0.0,0.0,0.0
1568433021795862364,3.862523631356793,1.9831883914038297,0.0,0.9375562740947191,0.0,0.0,0.3478336281983501,0.0,0.0,0.0,0.0,0.0,0.0
1568433021845862364,3.9181888836180163,2.031084518678468,0.0,0.9345071848985042,0.0,0.0,0.35594426722883593,0.0,0.0,0.0,0.0,0.0,0.0
1568433021895862364,3.983981173710064,2.089708779707772,0.0,0.9345071848985042,0.0,0.0,0.35594426722883593,0.0,0.0,0.0,0.0,0.0,0.0
1568433021945862364,4.0497734638021115,2.148333040737076,0.0,0.9345071848985042,0.0,0.0,0.35594426722883593,0.0,0.0,0.0,0.0,0.0,0.0
1568433021995862364,4.104600372212151,2.1971865915948294,0.0,0.9313879334538239,0.0,0.0,0.3640281821735996,0.0,0.0,0.0,0.0,0.0,0.0
1568433022045862364,4.1585724715922305,2.2469828947279016,0.0,0.9345071848985042,0.0,0.0,0.35594426722883593,0.0,0.0,0.0,0.0,0.0,0.0
1568433022095862364,4.224364761684278,2.3056071557572055,0.0,0.9345071848985042,0.0,0.0,0.35594426722883593,0.0,0.0,0.0,0.0,0.0,0.0
1568433022145862364,4.279191670094318,2.354460706614959,0.0,0.9313879334538239,0.0,0.0,0.3640281821735996,0.0,0.0,0.0,0.0,0.0,0.0
1568433022195862364,4.354752609226429,2.42417553100126,0.0,0.9345071848985042,0.0,0.0,0.35594426722883593,0.0,0.0,0.0,0.0,0.0,0.0
1568433022245862364,4.409579517636468,2.4730290818590133,0.0,0.9313879334538239,0.0,0.0,0.3640281821735996,0.0,0.0,0.0,0.0,0.0,0.0
1568433022290156999,4.474346036892563,2.5327846456187,0.0,0.9313879334538239,0.0,0.0,0.3640281821735996,0.0,0.0,0.0,0.0,0.0,0.0
1568433022340156999,4.539112556148658,2.592540209378387,0.0,0.9313879334538239,0.0,0.0,0.3640281821735996,0.0,0.0,0.0,0.0,0.0,0.0
1568433022390156999,4.593084655528737,2.6423365125114597,0.0,0.9281987539522374,0.0,0.0,0.37208476609707336,0.0,0.0,0.0,0.0,0.0,0.0
1568433022440156999,4.656805953785644,2.7032054336883835,0.0,0.9281987539522374,0.0,0.0,0.37208476609707336,0.0,0.0,0.0,0.0,0.0,0.0
1568433022490156999,4.709907035666399,2.7539295346691532,0.0,0.9313879334538239,0.0,0.0,0.3640281821735996,0.0,0.0,0.0,0.0,0.0,0.0
1568433022540156999,4.774673554922494,2.81368509842884,0.0,0.9249398858354617,0.0,0.0,0.38011341411568617,0.0,0.0,0.0,0.0,0.0,0.0
1568433022590156999,4.826887672411572,2.8653217642008544,0.0,0.9281987539522375,0.0,0.0,0.3720847660970733,0.0,0.0,0.0,0.0,0.0,0.0
1568433022640156999,4.890608970668478,2.926190685377778,0.0,0.9281987539522375,0.0,0.0,0.3720847660970733,0.0,0.0,0.0,0.0,0.0,0.0
1568433022690156999,4.954330268925384,2.987059606554702,0.0,0.9281987539522375,0.0,0.0,0.3720847660970733,0.0,0.0,0.0,0.0,0.0,0.0
1568433022740156999,5.01805156718229,3.0479285277316257,0.0,0.9281987539522375,0.0,0.0,0.3720847660970733,0.0,0.0,0.0,0.0,0.0,0.0
1568433022790688926,5.071152649063046,3.0986526287123954,0.0,0.9249398858354617,0.0,0.0,0.38011341411568617,0.0,0.0,0.0,0.0,0.0,0.0
1568433022840688926,5.123366766552124,3.1502892944844096,0.0,0.9281987539522375,0.0,0.0,0.3720847660970733,0.0,0.0,0.0,0.0,0.0,0.0
1568433022890688926,5.1977082811851805,3.2213030358574875,0.0,0.9249398858354617,0.0,0.0,0.38011341411568617,0.0,0.0,0.0,0.0,0.0,0.0
1568433022940688926,5.239479575176444,3.2626123684750987,0.0,0.9249398858354617,0.0,0.0,0.38011341411568617,0.0,0.0,0.0,0.0,0.0,0.0
1568433022990688926,5.302136516163337,3.324576367401516,0.0,0.9249398858354617,0.0,0.0,0.38011341411568617,0.0,0.0,0.0,0.0,0.0,0.0
1568433023040688926,5.36479345715023,3.386540366327933,0.0,0.9249398858354617,0.0,0.0,0.38011341411568617,0.0,0.0,0.0,0.0,0.0,0.0
1568433023090688926,5.4170075746393085,3.438177032099947,0.0,0.9216115737773933,0.0,0.0,0.38811352344327854,0.0,0.0,0.0,0.0,0.0,0.0
1568433023140688926,5.478581341724633,3.5012175002431194,0.0,0.9216115737773933,0.0,0.0,0.38811352344327854,0.0,0.0,0.0,0.0,0.0,0.0
1568433023190688926,5.529892814295737,3.5537512236957625,0.0,0.9249398858354617,0.0,0.0,0.38011341411568617,0.0,0.0,0.0,0.0,0.0,0.0
1568433023240688926,5.582106931784816,3.6053878894677767,0.0,0.9216115737773933,0.0,0.0,0.38811352344327854,0.0,0.0,0.0,0.0,0.0,0.0
1568433023291837051,5.64368069887014,3.6684283576109484,0.0,0.9216115737773933,0.0,0.0,0.38811352344327854,0.0,0.0,0.0,0.0,0.0,0.0
1568433023341837051,5.7052544659554645,3.7314688257541206,0.0,0.9216115737773933,0.0,0.0,0.38811352344327854,0.0,0.0,0.0,0.0,0.0,0.0
1568433023391837051,5.756565938526569,3.7840025492067637,0.0,0.9182140676657393,0.0,0.0,0.39608449343635893,0.0,0.0,0.0,0.0,0.0,0.0
1568433023441837051,5.8069593567285045,3.837417553832231,0.0,0.9216115737773933,0.0,0.0,0.38811352344327854,0.0,0.0,0.0,0.0,0.0,0.0
1568433023491837051,5.868533123813829,3.9004580219754033,0.0,0.9216115737773933,0.0,0.0,0.38811352344327854,0.0,0.0,0.0,0.0,0.0,0.0
1568433023541837051,5.919844596384933,3.9529917454280463,0.0,0.9182140676657393,0.0,0.0,0.39608449343635893,0.0,0.0,0.0,0.0,0.0,0.0
1568433023591837051,5.980316698227257,4.017089750978608,0.0,0.9182140676657393,0.0,0.0,0.39608449343635893,0.0,0.0,0.0,0.0,0.0,0.0
1568433023641837051,6.0407888000695795,4.081187756529168,0.0,0.9182140676657393,0.0,0.0,0.39608449343635893,0.0,0.0,0.0,0.0,0.0,0.0
1568433023691837051,6.101260901911903,4.1452857620797285,0.0,0.9182140676657393,0.0,0.0,0.39608449343635893,0.0,0.0,0.0,0.0,0.0,0.0
1568433023741837051,6.161733003754227,4.20938376763029,0.0,0.9182140676657393,0.0,0.0,0.39608449343635893,0.0,0.0,0.0,0.0,0.0,0.0
1568433023789338874,6.22220510559655,4.27348177318085,0.0,0.9112124987885948,0.0,0.0,0.41193662382876955,0.0,0.0,0.0,0.0,0.0,0.0
1568433023839338874,6.270717294062411,4.3286109568086415,0.0,0.9147476225832555,0.0,0.0,0.4040257256391998,0.0,0.0,0.0,0.0,0.0,0.0
1568433023889338874,6.3300695701636,4.3937472503660455,0.0,0.9147476225832555,0.0,0.0,0.4040257256391998,0.0,0.0,0.0,0.0,0.0,0.0
1568433023939338874,6.389421846264789,4.45888354392345,0.0,0.9147476225832555,0.0,0.0,0.4040257256391998,0.0,0.0,0.0,0.0,0.0,0.0
1568433023989338874,6.458666168382843,4.534875886407088,0.0,0.9112124987885948,0.0,0.0,0.41193662382876955,0.0,0.0,0.0,0.0,0.0,0.0
1568433024039338874,6.516880794541876,4.601030906760437,0.0,0.9112124987885948,0.0,0.0,0.41193662382876955,0.0,0.0,0.0,0.0,0.0,0.0
1568433024089338874,6.57509542070091,4.6671859271137865,0.0,0.9112124987885948,0.0,0.0,0.41193662382876955,0.0,0.0,0.0,0.0,0.0,0.0
1568433024139338874,6.633310046859944,4.733340947467136,0.0,0.9112124987885948,0.0,0.0,0.41193662382876955,0.0,0.0,0.0,0.0,0.0,0.0
1568433024189338874,6.691524673018978,4.799495967820485,0.0,0.9112124987885948,0.0,0.0,0.41193662382876955,0.0,0.0,0.0,0.0,0.0,0.0
1568433024239338874,6.749739299178012,4.865650988173835,0.0,0.9039372818592136,0.0,0.0,0.4276650447078608,0.0,0.0,0.0,0.0,0.0,0.0
1568433024288365853,6.814941062286569,4.945138989465067,0.0,0.9076089616967674,0.0,0.0,0.4198165940594962,0.0,0.0,0.0,0.0,0.0,0.0
1568433024338365853,6.872000555952361,5.0122928694675775,0.0,0.9076089616967674,0.0,0.0,0.4198165940594962,0.0,0.0,0.0,0.0,0.0,0.0
1568433024388365853,6.929060049618154,5.079446749470087,0.0,0.9076089616967674,0.0,0.0,0.4198165940594962,0.0,0.0,0.0,0.0,0.0,0.0
1568433024438365853,6.976609627672981,5.135408316138845,0.0,0.9039372818592136,0.0,0.0,0.4276650447078608,0.0,0.0,0.0,0.0,0.0,0.0
1568433024488365853,6.995238702846855,5.158119173650626,0.0,0.9112124987885948,0.0,0.0,0.41193662382876955,0.0,0.0,0.0,0.0,0.0,0.0
1568433024538365853,6.995238702846855,5.158119173650626,0.0,0.9112124987885948,0.0,0.0,0.41193662382876955,0.0,0.0,0.0,0.0,0.0,0.0
1568433024588365853,6.995238702846855,5.158119173650626,0.0,0.9112124987885948,0.0,0.0,0.41193662382876955,0.0,0.0,0.0,0.0,0.0,0.0
1568433024638365853,6.995238702846855,5.158119173650626,0.0,0.9112124987885948,0.0,0.0,0.41193662382876955,0.0,0.0,0.0,0.0,0.0,0.0
1568433024688365853,6.995238702846855,5.158119173650626,0.0,0.9112124987885948,0.0,0.0,0.41193662382876955,0.0,0.0,0.0,0.0,0.0,0.0
1568433024738365853,6.995238702846855,5.158119173650626,0.0,0.9112124987885948,0.0,0.0,0.41193662382876955,0.0,0.0,0.0,0.0,0.0,0.0
1568433024790442259,6.995238702846855,5.158119173650626,0.0,0.9112124987885948,0.0,0.0,0.41193662382876955,0.0,0.0,0.0,0.0,0.0,0.0
1568433024840442259,6.995238702846855,5.158119173650626,0.0,0.9112124987885948,0.0,0.0,0.41193662382876955,0.0,0.0,0.0,0.0,0.0,0.0
1568433024890442259,6.995238702846855,5.158119173650626,0.0,0.9112124987885948,0.0,0.0,0.41193662382876955,0.0,0.0,0.0,0.0,0.0,0.0
1568433024940442259,6.995238702846855,5.158119173650626,0.0,0.9112124987885948,0.0,0.0,0.41193662382876955,0.0,0.0,0.0,0.0,0.0,0.0
1568433024990442259,6.995238702846855,5.158119173650626,0.0,0.9112124987885948,0.0,0.0,0.41193662382876955,0.0,0.0,0.0,0.0,0.0,0.0
1568433025040442259,6.995238702846855,5.158119173650626,0.0,0.9112124987885948,0.0,0.0,0.41193662382876955,0.0,0.0,0.0,0.0,0.0,0.0
1568433025090442259,6.995238702846855,5.158119173650626,0.0,0.9112124987885948,0.0,0.0,0.41193662382876955,0.0,0.0,0.0,0.0,0.0,0.0
1568433025140442259,6.995238702846855,5.158119173650626,0.0,0.9112124987885948,0.0,0.0,0.41193662382876955,0.0,0.0,0.0,0.0,0.0,0.0
1568433025190442259,6.995238702846855,5.158119173650626,0.0,0.9112124987885948,0.0,0.0,0.41193662382876955,0.0,0.0,0.0,0.0,0.0,0.0
1568433025240442259,6.995238702846855,5.158119173650626,0.0,0.9112124987885948,0.0,0.0,0.41193662382876955,0.0,0.0,0.0,0.0,0.0,0.0
